On 12/11/2020 at 16:47:42, Price: $189.99
On 14/11/2020 at 20:14:17, Price: $189.99
On 15/11/2020 at 15:24:53, Price: $189.99
On 15/11/2020 at 15:52:23, Price: $189.99
On 15/11/2020 at 15:55:32, Price: $189.99
On 16/11/2020 at 14:45:07, Price: None
On 16/11/2020 at 14:50:28, Price: None
On 16/11/2020 at 14:53:49, Price: None
On 17/11/2020 at 13:11:21, Price: $189.99
On 18/11/2020 at 09:48:28, Price: $189.99
On 18/11/2020 at 14:31:08, Price: $189.99
On 18/11/2020 at 14:34:39, Price: $189.99
On 19/11/2020 at 18:09:10, Price: $189.99
On 21/11/2020 at 18:14:45, Price: $189.99
On 22/11/2020 at 21:30:20, Price: $189.99
On 23/11/2020 at 13:06:20, Price: $189.99
On 23/11/2020 at 13:11:14, Price: $189.99
On 24/11/2020 at 19:16:40, Price: $189.99
On 25/11/2020 at 21:04:25, Price: $189.99
On 27/11/2020 at 13:35:45, Price: $189.99
On 28/11/2020 at 18:49:31, Price: None
On 03/12/2020 at 10:27:19, Price: None
On 03/12/2020 at 10:29:39, Price: None
On 03/12/2020 at 10:30:03, Price: None
On 03/12/2020 at 10:30:53, Price: None
On 03/12/2020 at 10:33:24, Price: None
On 03/12/2020 at 10:37:51, Price: None
On 03/12/2020 at 10:44:31, Price: Currently unavailable.
On 03/12/2020 at 10:57:38, Price: Currently unavailable.
On 03/12/2020 at 11:29:16, Price: $189.99
On 06/12/2020 at 20:03:29, Price: Currently unavailable.
On 07/12/2020 at 17:22:28, Price: Currently unavailable.
On 11/12/2020 at 15:26:22, Price: Currently unavailable.
