On 14/11/2020 at 20:11:30, Price: $399.99
On 14/11/2020 at 20:14:08, Price: $399.99
On 15/11/2020 at 15:24:43, Price: $399.99
On 15/11/2020 at 15:52:12, Price: $399.99
On 15/11/2020 at 15:55:23, Price: $399.99
On 16/11/2020 at 14:28:26, Price: $326.99
On 16/11/2020 at 14:44:56, Price: $326.99
On 16/11/2020 at 14:50:17, Price: $326.99
On 16/11/2020 at 14:53:40, Price: $326.99
On 17/11/2020 at 13:11:11, Price: $326.99
On 18/11/2020 at 09:48:18, Price: $399.99
On 18/11/2020 at 14:30:58, Price: $399.99
On 18/11/2020 at 14:34:31, Price: $399.99
On 19/11/2020 at 18:08:59, Price: $399.99
On 21/11/2020 at 18:14:33, Price: $398.99
On 22/11/2020 at 21:30:09, Price: $398.99
On 23/11/2020 at 13:06:10, Price: $398.99
On 23/11/2020 at 13:11:04, Price: $398.99
On 24/11/2020 at 19:16:27, Price: $396.00
On 25/11/2020 at 21:04:13, Price: $396.00
On 27/11/2020 at 13:35:33, Price: $299.99
On 28/11/2020 at 18:49:20, Price: None
On 03/12/2020 at 10:27:08, Price: None
On 03/12/2020 at 10:29:28, Price: None
On 03/12/2020 at 10:29:52, Price: None
On 03/12/2020 at 10:30:43, Price: $396.99
On 03/12/2020 at 10:33:13, Price: $396.99
On 03/12/2020 at 10:44:20, Price: $396.99
On 03/12/2020 at 10:57:27, Price: $396.99
On 03/12/2020 at 11:29:06, Price: $396.99
On 06/12/2020 at 20:03:17, Price: $396.99
On 07/12/2020 at 17:22:16, Price: $346.99
On 11/12/2020 at 15:26:10, Price: $346.99
